keyword,age_group,gender,year,mean_rsv,total_rsv,proportion
리프팅시술,Middle,all,2016,21.00102,59.60501569444445,0.3523364561743992
리프팅시술,Middle,all,2017,30.60086,89.70180326388889,0.3411398532310101
리프팅시술,Middle,all,2018,53.34356,155.23138138888888,0.34363902145766906
리프팅시술,Middle,all,2019,39.10742416666667,113.67827187500001,0.34401846123830043
리프팅시술,Middle,all,2020,37.13880708333333,105.10851375,0.35333776264468714
리프팅시술,Middle,all,2021,39.337682083333334,115.44456090277778,0.3407495491837139
리프팅시술,Middle,all,2022,45.76007791666667,139.65197013888888,0.3276722689351008
리프팅시술,Middle,all,2023,46.91227625,147.75972166666665,0.3174902857209632
리프팅시술,Middle,all,2024,41.96252333333333,141.99482618055555,0.29552149512810616
리프팅시술,Middle,all,2025,45.14138208333333,157.61787118055554,0.28639761307030126
리프팅시술,Middle,f,2016,20.440818750000002,58.84220527777778,0.3473836280184359
리프팅시술,Middle,f,2017,29.729335416666668,88.45073791666667,0.3361117851235564
리프팅시술,Middle,f,2018,48.973565416666666,142.68065722222224,0.34323899518062445
리프팅시술,Middle,f,2019,39.33771291666667,115.13188041666668,0.3416752403791372
리프팅시술,Middle,f,2020,38.206808333333335,108.048455625,0.3536080928906228
리프팅시술,Middle,f,2021,40.31780583333333,118.54360361111111,0.3401095006829566
리프팅시술,Middle,f,2022,46.779717500000004,143.02811375,0.32706659043107184
리프팅시술,Middle,f,2023,47.2615725,149.96441916666666,0.31515190578289565
리프팅시술,Middle,f,2024,41.316427499999996,143.29999020833333,0.2883212164908949
리프팅시술,Middle,f,2025,43.8129525,159.45110965277775,0.27477358166655286
리프팅시술,Middle,m,2016,16.5476075,42.84875652777778,0.3861864110169125
리프팅시술,Middle,m,2017,24.213589166666665,63.58291944444444,0.38081908440557344
리프팅시술,Middle,m,2018,53.28081958333333,135.97059791666666,0.391855448160844
리프팅시술,Middle,m,2019,25.493317083333334,67.76973555555556,0.3761755431734671
리프팅시술,Middle,m,2020,21.149988333333333,57.49522993055555,0.36785640058973446
리프팅시술,Middle,m,2021,23.350395416666668,65.34776590277778,0.3573250759851011
리프팅시술,Middle,m,2022,27.932292916666665,82.5534888888889,0.33835387568248676
리프팅시술,Middle,m,2023,31.516812083333335,91.51992847222222,0.344371030544448
리프팅시술,Middle,m,2024,32.222930416666664,93.38414701388888,0.34505782241469957
리프팅시술,Middle,m,2025,36.548284583333334,103.71602680555556,0.35238801281747156
리프팅시술,Traditional,all,2016,10.998792916666666,59.60501569444445,0.18452797618660507
리프팅시술,Traditional,all,2017,19.379214375,89.70180326388889,0.2160404102244114
리프팅시술,Traditional,all,2018,35.57141,155.23138138888888,0.22915089514590975
리프팅시술,Traditional,all,2019,29.585385208333335,113.67827187500001,0.26025540959019206
리프팅시술,Traditional,all,2020,34.914411666666666,105.10851375,0.33217491543749156
리프팅시술,Traditional,all,2021,48.352555208333335,115.44456090277778,0.41883788053950577
리프팅시술,Traditional,all,2022,62.20939416666667,139.65197013888888,0.44546019726608366
리프팅시술,Traditional,all,2023,64.29644208333333,147.75972166666665,0.435141873293323
리프팅시술,Traditional,all,2024,60.393728958333334,141.99482618055555,0.4253234472186953
리프팅시술,Traditional,all,2025,69.477539375,157.61787118055554,0.44079734648497826
리프팅시술,Traditional,f,2016,9.15219125,58.84220527777778,0.15553786957499358
리프팅시술,Traditional,f,2017,16.9928575,88.45073791666667,0.19211662785684974
리프팅시술,Traditional,f,2018,31.96187625,142.68065722222224,0.2240098754256509
리프팅시술,Traditional,f,2019,29.204075,115.13188041666668,0.2536575872322187
리프팅시술,Traditional,f,2020,35.787575625,108.048455625,0.33121783571999114
리프팅시술,Traditional,f,2021,49.824425,118.54360361111111,0.4203046261648313
리프팅시술,Traditional,f,2022,63.72323458333333,143.02811375,0.44552943412730517
리프팅시술,Traditional,f,2023,65.5064925,149.96441916666666,0.4368135646042661
리프팅시술,Traditional,f,2024,60.74938854166667,143.29999020833333,0.42393156100951296
리프팅시술,Traditional,f,2025,69.26437854166666,159.45110965277775,0.43439257771549805
리프팅시술,Traditional,m,2016,14.822848749999999,42.84875652777778,0.3459341635828035
리프팅시술,Traditional,m,2017,22.49257916666667,63.58291944444444,0.3537519095253176
리프팅시술,Traditional,m,2018,39.1344125,135.97059791666666,0.28781525638347644
리프팅시술,Traditional,m,2019,21.803552916666664,67.76973555555556,0.32172993944756917
리프팅시술,Traditional,m,2020,20.71051770833333,57.49522993055555,0.36021279910260573
리프팅시술,Traditional,m,2021,28.282460208333333,65.34776590277778,0.4327991908768699
리프팅시술,Traditional,m,2022,38.65652875,82.5534888888889,0.468260388146998
리프팅시술,Traditional,m,2023,41.1425225,91.51992847222222,0.4495471443958506
리프팅시술,Traditional,m,2024,42.77547104166666,93.38414701388888,0.45805923606396204
리프팅시술,Traditional,m,2025,50.47943583333333,103.71602680555556,0.4867081529065033
리프팅시술,Young,all,2016,27.605202777777777,59.60501569444445,0.4631355676389957
리프팅시술,Young,all,2017,39.72172888888889,89.70180326388889,0.4428197365445785
리프팅시술,Young,all,2018,66.31641138888888,155.23138138888888,0.4272100833964212
리프팅시술,Young,all,2019,44.985462500000004,113.67827187500001,0.3957261291715075
리프팅시술,Young,all,2020,33.055295,105.10851375,0.31448732191782136
리프팅시술,Young,all,2021,27.754323611111108,115.44456090277778,0.2404125702767803
리프팅시술,Young,all,2022,31.682498055555556,139.65197013888888,0.22686753379881555
리프팅시술,Young,all,2023,36.551003333333334,147.75972166666665,0.24736784098571385
리프팅시술,Young,all,2024,39.63857388888889,141.99482618055555,0.27915505765319854
리프팅시술,Young,all,2025,42.99894972222222,157.61787118055554,0.27280504044472065
리프팅시술,Young,f,2016,29.249195277777776,58.84220527777778,0.4970785024065705
리프팅시술,Young,f,2017,41.728545000000004,88.45073791666667,0.47177158701959393
리프팅시술,Young,f,2018,61.74521555555555,142.68065722222224,0.43275112939372457
리프팅시술,Young,f,2019,46.590092500000004,115.13188041666668,0.404667172388644
리프팅시술,Young,f,2020,34.054071666666665,108.048455625,0.3151740713893861
리프팅시술,Young,f,2021,28.401372777777777,118.54360361111111,0.23958587315221208
리프팅시술,Young,f,2022,32.52516166666667,143.02811375,0.22740397544162308
리프팅시술,Young,f,2023,37.19635416666667,149.96441916666666,0.24803452961283828
리프팅시술,Young,f,2024,41.23417416666667,143.29999020833333,0.28774722249959217
리프팅시술,Young,f,2025,46.373778611111106,159.45110965277775,0.2908338406179492
리프팅시술,Young,m,2016,11.478300277777777,42.84875652777778,0.2678794254002839
리프팅시술,Young,m,2017,16.876751111111112,63.58291944444444,0.26542900606910896
리프팅시술,Young,m,2018,43.55536583333333,135.97059791666666,0.3203292954556796
리프팅시술,Young,m,2019,20.472865555555554,67.76973555555556,0.30209451737896376
리프팅시술,Young,m,2020,15.634723888888887,57.49522993055555,0.2719308003076598
리프팅시술,Young,m,2021,13.714910277777777,65.34776590277778,0.20987573313802896
리프팅시술,Young,m,2022,15.964667222222223,82.5534888888889,0.19338573617051516
리프팅시술,Young,m,2023,18.86059388888889,91.51992847222222,0.20608182505970146
리프팅시술,Young,m,2024,18.385745555555555,93.38414701388888,0.19688294152133842
리프팅시술,Young,m,2025,16.68830638888889,103.71602680555556,0.16090383427602512
슈링크,Middle,all,2016,5.4079404166666665,9.168178958333332,0.5898598228987632
슈링크,Middle,all,2017,9.832680833333333,17.022297291666668,0.5776353605424903
슈링크,Middle,all,2018,28.76450416666667,57.16700986111111,0.5031661483878701
슈링크,Middle,all,2019,47.945481666666666,95.63112513888889,0.5013585440622342
슈링크,Middle,all,2020,47.99751666666666,91.51292111111111,0.524488958323056
슈링크,Middle,all,2021,50.33332416666667,92.93272041666667,0.5416103600647403
슈링크,Middle,all,2022,61.45550541666666,114.27490354166666,0.5377865437817577
슈링크,Middle,all,2023,60.63171,118.31300555555555,0.5124686818266105
슈링크,Middle,all,2024,53.43318541666667,104.63869361111111,0.5106446150336192
슈링크,Middle,all,2025,58.34093166666667,127.05316951388889,0.45918517334027703
슈링크,Middle,f,2016,5.529709583333333,9.844632291666667,0.5616979303548136
슈링크,Middle,f,2017,10.554307916666668,19.0266425,0.554712052673858
슈링크,Middle,f,2018,29.72185958333333,62.20985972222222,0.4777676676341431
슈링크,Middle,f,2019,49.73949041666666,102.16127069444444,0.486872276338782
슈링크,Middle,f,2020,49.00018958333334,96.34330465277779,0.5085998426141858
슈링크,Middle,f,2021,50.05521041666666,95.44516868055555,0.5244394358419118
슈링크,Middle,f,2022,64.16152833333334,123.146449375,0.5210180939764779
슈링크,Middle,f,2023,62.50412708333334,125.94465708333334,0.4962824825667393
슈링크,Middle,f,2024,55.28677291666667,112.53245111111111,0.4912962649509713
슈링크,Middle,f,2025,58.64610666666667,132.74949402777779,0.441780265123986
슈링크,Middle,m,2016,4.878697916666667,7.814451666666667,0.6243173705299434
슈링크,Middle,m,2017,6.750341249999999,11.670148263888887,0.5784280625540705
슈링크,Middle,m,2018,24.54459375,46.21992409722222,0.5310392483200792
슈링크,Middle,m,2019,39.84576875,79.4964598611111,0.5012269580257392
슈링크,Middle,m,2020,42.887010000000004,79.54586680555556,0.5391481886146815
슈링크,Middle,m,2021,50.42938958333334,88.05326611111111,0.5727145830081803
슈링크,Middle,m,2022,48.706715833333334,85.65743229166667,0.5686221794214563
슈링크,Middle,m,2023,51.26439083333333,95.44467534722223,0.537111060903465
슈링크,Middle,m,2024,44.33408458333333,80.57611840277777,0.5502137042854246
슈링크,Middle,m,2025,55.54079000000001,111.67955430555557,0.4973228120882382
슈링크,Traditional,all,2016,1.4566885416666666,9.168178958333332,0.15888526481506154
슈링크,Traditional,all,2017,2.6800697916666665,17.022297291666668,0.15744465895203846
슈링크,Traditional,all,2018,7.982290416666667,57.16700986111111,0.1396310640710415
슈링크,Traditional,all,2019,15.424718750000002,95.63112513888889,0.16129391688739486
슈링크,Traditional,all,2020,16.905661666666667,91.51292111111111,0.18473524242702874
슈링크,Traditional,all,2021,22.93396375,92.93272041666667,0.24678029059275225
슈링크,Traditional,all,2022,31.366988958333334,114.27490354166666,0.2744871182227371
슈링크,Traditional,all,2023,34.719055,118.31300555555555,0.293450874964859
슈링크,Traditional,all,2024,29.76262125,104.63869361111111,0.284432270920856
슈링크,Traditional,all,2025,47.214110624999996,127.05316951388889,0.37160907363148277
슈링크,Traditional,f,2016,1.3076018749999998,9.844632291666667,0.132823841080064
슈링크,Traditional,f,2017,2.4845687499999998,19.0266425,0.1305836670868231
슈링크,Traditional,f,2018,7.474930416666666,62.20985972222222,0.12015668336246896
슈링크,Traditional,f,2019,14.822836666666666,102.16127069444444,0.14509252445577436
슈링크,Traditional,f,2020,16.674453125,96.34330465277779,0.17307329435184823
슈링크,Traditional,f,2021,22.826384375,95.44516868055555,0.2391570436781079
슈링크,Traditional,f,2022,32.80007270833333,123.146449375,0.2663501292550631
슈링크,Traditional,f,2023,35.36429833333333,125.94465708333334,0.2807923666816129
슈링크,Traditional,f,2024,31.050335416666666,112.53245111111111,0.27592339018732037
슈링크,Traditional,f,2025,48.204719583333336,132.74949402777779,0.3631254486984825
슈링크,Traditional,m,2016,2.06796125,7.814451666666667,0.26463293116535586
슈링크,Traditional,m,2017,3.431235625,11.670148263888887,0.2940181690422326
슈링크,Traditional,m,2018,10.085782291666666,46.21992409722222,0.21821287006987564
슈링크,Traditional,m,2019,17.5877175,79.4964598611111,0.22123900272701
슈링크,Traditional,m,2020,17.414883749999998,79.54586680555556,0.2189288325007444
슈링크,Traditional,m,2021,23.213569583333335,88.05326611111111,0.26363098847510097
슈링크,Traditional,m,2022,24.77441395833333,85.65743229166667,0.28922667065218055
슈링크,Traditional,m,2023,31.047873958333337,95.44467534722223,0.3252970775518169
슈링크,Traditional,m,2024,23.780716041666665,80.57611840277777,0.2951335521375382
슈링크,Traditional,m,2025,42.89738125,111.67955430555557,0.3841113220476565
슈링크,Young,all,2016,2.30355,9.168178958333332,0.25125491228617536
슈링크,Young,all,2017,4.509546666666666,17.022297291666668,0.26491998050547105
슈링크,Young,all,2018,20.420215277777775,57.16700986111111,0.35720278754108836
슈링크,Young,all,2019,32.26092472222222,95.63112513888889,0.33734753905037085
슈링크,Young,all,2020,26.60974277777778,91.51292111111111,0.29077579924991526
슈링크,Young,all,2021,19.665432499999998,92.93272041666667,0.21160934934250752
슈링크,Young,all,2022,21.452409166666666,114.27490354166666,0.18772633799550517
슈링크,Young,all,2023,22.962240555555557,118.31300555555555,0.19408044320853055
슈링크,Young,all,2024,21.442886944444442,104.63869361111111,0.20492311404552474
슈링크,Young,all,2025,21.498127222222223,127.05316951388889,0.16920575302824023
슈링크,Young,f,2016,3.007320833333333,9.844632291666667,0.30547822856512225
슈링크,Young,f,2017,5.9877658333333335,19.0266425,0.3147042802393188
슈링크,Young,f,2018,25.013069722222223,62.20985972222222,0.40207564900338794
슈링크,Young,f,2019,37.59894361111111,102.16127069444444,0.36803519920544364
슈링크,Young,f,2020,30.668661944444448,96.34330465277779,0.31832686303396596
슈링크,Young,f,2021,22.563573888888886,95.44516868055555,0.23640352047998026
슈링크,Young,f,2022,26.184848333333335,123.146449375,0.21263177676845899
슈링크,Young,f,2023,28.07623166666667,125.94465708333334,0.2229251507516478
슈링크,Young,f,2024,26.19534277777778,112.53245111111111,0.23278034486170834
슈링크,Young,f,2025,25.898667777777774,132.74949402777779,0.19509428617753138
슈링크,Young,m,2016,0.8677925000000001,7.814451666666667,0.11104969830470085
슈링크,Young,m,2017,1.4885713888888887,11.670148263888887,0.12755376840369692
슈링크,Young,m,2018,11.589548055555555,46.21992409722222,0.2507478816100453
슈링크,Young,m,2019,22.062973611111108,79.4964598611111,0.2775340392472508
슈링크,Young,m,2020,19.243973055555553,79.54586680555556,0.24192297888457398
슈링크,Young,m,2021,14.410306944444445,88.05326611111111,0.16365442851671871
슈링크,Young,m,2022,12.1763025,85.65743229166667,0.14215114992636305
슈링크,Young,m,2023,13.132410555555557,95.44467534722223,0.13759186154471797
슈링크,Young,m,2024,12.461317777777777,80.57611840277777,0.1546527435770372
슈링크,Young,m,2025,13.241383055555554,111.67955430555557,0.1185658658641052
실리프팅,Middle,all,2016,39.1115275,95.64018291666667,0.40894450749930816
실리프팅,Middle,all,2017,28.828835416666667,68.31559993055555,0.4219949095956395
실리프팅,Middle,all,2018,32.695818333333335,76.49009284722223,0.42745167532530587
실리프팅,Middle,all,2019,49.43045541666666,104.57151513888888,0.4726952205963024
실리프팅,Middle,all,2020,25.661012916666664,56.00590395833333,0.458184068161058
실리프팅,Middle,all,2021,21.229325,46.75036159722222,0.45409969623125623
실리프팅,Middle,all,2022,31.178873749999998,72.01216722222222,0.4329667464913973
실리프팅,Middle,all,2023,52.99105333333333,129.85417236111113,0.40808125276075574
실리프팅,Middle,all,2024,49.11622875,127.97187826388888,0.38380485944512094
실리프팅,Middle,all,2025,47.802975833333335,130.13343604166667,0.36733815141888343
실리프팅,Middle,f,2016,37.94011,99.14878180555556,0.3826583575621311
실리프팅,Middle,f,2017,31.01846958333333,79.27967805555555,0.39125372786702056
실리프팅,Middle,f,2018,36.13179625,88.53340006944444,0.4081148608509183
실리프팅,Middle,f,2019,55.436716249999996,119.12208027777777,0.4653773349216914
실리프팅,Middle,f,2020,27.55054791666667,61.91561027777778,0.4449693347616873
실리프팅,Middle,f,2021,22.930722083333336,51.10790638888889,0.4486726947656495
실리프팅,Middle,f,2022,33.42159916666667,77.76374291666667,0.42978382872442217
실리프팅,Middle,f,2023,56.85187166666666,141.1333498611111,0.4028237955282321
실리프팅,Middle,f,2024,50.89190249999999,136.18716368055556,0.37369089071693623
실리프팅,Middle,f,2025,48.909951250000006,136.72911583333334,0.35771423629784194
실리프팅,Middle,m,2016,27.794280416666666,72.41601229166666,0.383814014844133
실리프팅,Middle,m,2017,13.372737916666667,35.93924631944445,0.372092886918208
실리프팅,Middle,m,2018,12.756688333333335,38.611469444444445,0.33038598418762877
실리프팅,Middle,m,2019,15.94337,45.82685055555555,0.34790455391805664
실리프팅,Middle,m,2020,11.727224583333333,30.024163402777777,0.39059288433823114
실리프팅,Middle,m,2021,8.58024,23.635732569444443,0.3630198461075953
실리프팅,Middle,m,2022,12.1818125,33.53052541666667,0.3633051480292317
실리프팅,Middle,m,2023,18.750434166666665,52.41900458333333,0.35770298035435
실리프팅,Middle,m,2024,23.284090833333334,61.62177013888889,0.3778549493280293
실리프팅,Middle,m,2025,24.13483375,64.33182958333333,0.3751616253776294
실리프팅,Traditional,all,2016,25.39755458333333,95.64018291666667,0.26555317868288436
실리프팅,Traditional,all,2017,15.462268958333333,68.31559993055555,0.2263358438490052
실리프팅,Traditional,all,2018,18.725603958333334,76.49009284722223,0.2448108410030955
실리프팅,Traditional,all,2019,30.28542,104.57151513888888,0.28961443237936996
실리프팅,Traditional,all,2020,16.643089375,56.00590395833333,0.2971666949145566
실리프팅,Traditional,all,2021,15.692246041666666,46.75036159722222,0.3356604207014103
실리프팅,Traditional,all,2022,29.334750416666665,72.01216722222222,0.40735824997659925
실리프팅,Traditional,all,2023,59.32230375,129.85417236111113,0.45683787183234104
실리프팅,Traditional,all,2024,60.67544229166666,127.97187826388888,0.474131060001704
실리프팅,Traditional,all,2025,66.318151875,130.13343604166667,0.5096165435435515
실리프팅,Traditional,f,2016,21.327460416666668,99.14878180555556,0.21510562236148056
실리프팅,Traditional,f,2017,13.589139583333333,79.27967805555555,0.1714076030153741
실리프팅,Traditional,f,2018,16.501097708333333,88.53340006944444,0.1863827402470716
실리프팅,Traditional,f,2019,28.301867916666666,119.12208027777777,0.2375870858758532
실리프팅,Traditional,f,2020,15.267545416666666,61.91561027777778,0.2465863672855755
실리프팅,Traditional,f,2021,14.87209625,51.10790638888889,0.2909940418383733
실리프팅,Traditional,f,2022,28.64229625,77.76374291666667,0.36832455815165316
실리프팅,Traditional,f,2023,59.68834291666667,141.1333498611111,0.42292160552701247
실리프팅,Traditional,f,2024,60.38025645833333,136.18716368055556,0.44336231717082353
실리프팅,Traditional,f,2025,65.91803291666666,136.72911583333334,0.4821067737834112
실리프팅,Traditional,m,2016,26.605915208333332,72.41601229166666,0.36740376011280357
실리프팅,Traditional,m,2017,14.448468958333335,35.93924631944445,0.4020248179360451
실리프팅,Traditional,m,2018,17.03877,38.611469444444445,0.44128778948742126
실리프팅,Traditional,m,2019,21.022780833333332,45.82685055555555,0.45874374037219884
실리프팅,Traditional,m,2020,12.775826041666667,30.024163402777777,0.4255181358520275
실리프팅,Traditional,m,2021,10.511388958333333,23.635732569444443,0.4447244834679733
실리프팅,Traditional,m,2022,16.281169583333334,33.53052541666667,0.4855626143943638
실리프팅,Traditional,m,2023,26.850259583333337,52.41900458333333,0.5122237592407545
실리프팅,Traditional,m,2024,30.293287083333336,61.62177013888889,0.4916004038029985
실리프팅,Traditional,m,2025,33.06198083333333,64.33182958333333,0.5139288132712895
실리프팅,Young,all,2016,31.131100833333335,95.64018291666667,0.32550231381780736
실리프팅,Young,all,2017,24.024495555555557,68.31559993055555,0.35166924655535536
실리프팅,Young,all,2018,25.068670555555556,76.49009284722223,0.3277374836715986
실리프팅,Young,all,2019,24.85563972222222,104.57151513888888,0.23769034702432756
실리프팅,Young,all,2020,13.701801666666666,56.00590395833333,0.24464923692438545
실리프팅,Young,all,2021,9.828790555555555,46.75036159722222,0.2102398830673334
실리프팅,Young,all,2022,11.498543055555556,72.01216722222222,0.15967500353200345
실리프팅,Young,all,2023,17.540815277777778,129.85417236111113,0.13508087540690314
실리프팅,Young,all,2024,18.180207222222222,127.97187826388888,0.14206408055317504
실리프팅,Young,all,2025,16.012308333333333,130.13343604166667,0.12304530503756501
실리프팅,Young,f,2016,39.88121138888889,99.14878180555556,0.40223602007638837
실리프팅,Young,f,2017,34.67206888888889,79.27967805555555,0.4373386691176054
실리프팅,Young,f,2018,35.900506111111106,88.53340006944444,0.40550239890201006
실리프팅,Young,f,2019,35.38349611111111,119.12208027777777,0.2970355792024554
실리프팅,Young,f,2020,19.097516944444447,61.91561027777778,0.3084442979527372
실리프팅,Young,f,2021,13.305088055555556,51.10790638888889,0.2603332633959772
실리프팅,Young,f,2022,15.699847499999999,77.76374291666667,0.2018916131239246
실리프팅,Young,f,2023,24.593135277777776,141.1333498611111,0.17425459894475548
실리프팅,Young,f,2024,24.91500472222222,136.18716368055556,0.18294679211224016
실리프팅,Young,f,2025,21.901131666666668,136.72911583333334,0.16017898991874682
실리프팅,Young,m,2016,18.015816666666666,72.41601229166666,0.24878222504306347
실리프팅,Young,m,2017,8.118039444444445,35.93924631944445,0.2258822951457468
실리프팅,Young,m,2018,8.816011111111111,38.611469444444445,0.22832622632494992
실리프팅,Young,m,2019,8.860699722222222,45.82685055555555,0.19335170570974458
실리프팅,Young,m,2020,5.521112777777778,30.024163402777777,0.18388897980974134
실리프팅,Young,m,2021,4.544103611111111,23.635732569444443,0.19225567042443145
실리프팅,Young,m,2022,5.067543333333334,33.53052541666667,0.15113223757640443
실리프팅,Young,m,2023,6.818310833333332,52.41900458333333,0.13007326040489559
실리프팅,Young,m,2024,8.044392222222223,61.62177013888889,0.13054464686897216
실리프팅,Young,m,2025,7.135015,64.33182958333333,0.11090956135108107
써마지,Middle,all,2016,8.80259,31.250000486111112,0.2816828756182664
써마지,Middle,all,2017,5.9489945833333335,20.10738625,0.295861158151937
써마지,Middle,all,2018,6.377275,21.027685069444445,0.3032799368517691
써마지,Middle,all,2019,12.8594375,43.512943819444445,0.29553131485104345
써마지,Middle,all,2020,16.834974166666665,52.409502708333335,0.32121987992055173
써마지,Middle,all,2021,15.444484166666667,44.69384534722222,0.3455617668759522
써마지,Middle,all,2022,19.18263,53.332840625,0.3596776353031542
써마지,Middle,all,2023,33.42545583333333,95.58676298611111,0.3496870778874487
써마지,Middle,all,2024,38.7927725,120.37505722222221,0.3222658696509308
써마지,Middle,all,2025,40.42767625,141.62401326388888,0.28545777879257567
써마지,Middle,f,2016,7.104681666666667,25.079975486111113,0.28328104509516466
써마지,Middle,f,2017,5.25034625,18.301162777777776,0.28688593800035717
써마지,Middle,f,2018,5.8583775,19.59368576388889,0.2989931333285427
써마지,Middle,f,2019,11.644365833333334,37.21987,0.3128534794273417
써마지,Middle,f,2020,15.551180416666668,47.38579972222223,0.3281822931728158
써마지,Middle,f,2021,14.677973333333334,41.21129263888889,0.3561638665874439
써마지,Middle,f,2022,18.30464,49.603846805555555,0.36901654163543435
써마지,Middle,f,2023,32.26255333333334,90.25047312500001,0.3574779412917713
써마지,Middle,f,2024,36.656767083333335,114.51292277777777,0.3201103088991009
써마지,Middle,f,2025,36.59700208333333,132.23662326388887,0.2767539065959137
써마지,Middle,m,2016,23.492189999999997,57.646439722222226,0.40752195821980575
써마지,Middle,m,2017,11.444146666666667,26.7089475,0.42847613769380716
써마지,Middle,m,2018,9.737912083333333,24.2625825,0.40135513535433964
써마지,Middle,m,2019,20.8632775,64.485436875,0.32353471591487915
써마지,Middle,m,2020,24.359329583333334,68.72972479166667,0.35442204456908943
써마지,Middle,m,2021,18.884525416666666,54.175943124999996,0.3485776956959375
써마지,Middle,m,2022,22.61998875,63.229675347222226,0.35774323726610324
써마지,Middle,m,2023,35.61841333333333,98.29958951388889,0.3623454941111504
써마지,Middle,m,2024,49.074693333333336,129.64825104166667,0.37852183071533757
써마지,Middle,m,2025,65.33584625,175.1709459027778,0.37298335013993855
써마지,Traditional,all,2016,7.410136875,31.250000486111112,0.23712437631139857
써마지,Traditional,all,2017,2.5682199999999997,20.10738625,0.1277252034684518
써마지,Traditional,all,2018,2.776815625,21.027685069444445,0.13205522223818258
써마지,Traditional,all,2019,6.657676041666666,43.512943819444445,0.15300449607115707
써마지,Traditional,all,2020,8.798374375,52.409502708333335,0.16787746344330454
써마지,Traditional,all,2021,9.462956458333332,44.69384534722222,0.21172840208347538
써마지,Traditional,all,2022,13.707137291666667,53.332840625,0.2570111985604867
써마지,Traditional,all,2023,29.529368541666667,95.58676298611111,0.30892738303061196
써마지,Traditional,all,2024,30.827375833333335,120.37505722222221,0.2560943815496883
써마지,Traditional,all,2025,41.25768395833333,141.62401326388888,0.2913184212726527
써마지,Traditional,f,2016,5.870503541666667,25.079975486111113,0.23407134288937634
써마지,Traditional,f,2017,2.09561625,18.301162777777776,0.11450727341459452
써마지,Traditional,f,2018,2.299764375,19.59368576388889,0.11737272929213041
써마지,Traditional,f,2019,5.472615,37.21987,0.14703476933154253
써마지,Traditional,f,2020,7.600182916666667,47.38579972222223,0.16038946184762723
써마지,Traditional,f,2021,8.467135416666666,41.21129263888889,0.20545668127567257
써마지,Traditional,f,2022,12.75390625,49.603846805555555,0.2571152656767657
써마지,Traditional,f,2023,28.429717291666666,90.25047312500001,0.31500906651525834
써마지,Traditional,f,2024,29.21881625,114.51292277777777,0.25515737037558317
써마지,Traditional,f,2025,37.97091145833333,132.23662326388887,0.28714368622797715
써마지,Traditional,m,2016,16.85157166666667,57.646439722222226,0.29232632141496373
써마지,Traditional,m,2017,6.136996666666666,26.7089475,0.2297730626287938
써마지,Traditional,m,2018,6.240012916666667,24.2625825,0.25718667485897956
써마지,Traditional,m,2019,15.886727708333334,64.485436875,0.2463614806414124
써마지,Traditional,m,2020,17.886024375,68.72972479166667,0.26023710162111174
써마지,Traditional,m,2021,16.028387708333334,54.175943124999996,0.2958580281906875
써마지,Traditional,m,2022,19.362263541666668,63.229675347222226,0.30622114434938785
써마지,Traditional,m,2023,32.655589791666664,98.29958951388889,0.33220474218819307
써마지,Traditional,m,2024,38.029114375,129.64825104166667,0.2933253173062713
써마지,Traditional,m,2025,61.07420770833334,175.1709459027778,0.3486548947576634
써마지,Young,all,2016,15.037273611111111,31.250000486111112,0.481192748070335
써마지,Young,all,2017,11.590171666666668,20.10738625,0.5764136383796112
써마지,Young,all,2018,11.873594444444445,21.027685069444445,0.5646648409100483
써마지,Young,all,2019,23.99583027777778,43.512943819444445,0.5514641890777996
써마지,Young,all,2020,26.776154166666668,52.409502708333335,0.5109026566361436
써마지,Young,all,2021,19.786404722222223,44.69384534722222,0.4427098310405724
써마지,Young,all,2022,20.443073333333334,53.332840625,0.383311166136359
써마지,Young,all,2023,32.63193861111111,95.58676298611111,0.34138553908193936
써마지,Young,all,2024,50.754908888888885,120.37505722222221,0.421639748799381
써마지,Young,all,2025,59.938653055555555,141.62401326388888,0.42322379993477166
써마지,Young,f,2016,12.104790277777779,25.079975486111113,0.48264761201545897
써마지,Young,f,2017,10.955200277777777,18.301162777777776,0.5986067885850483
써마지,Young,f,2018,11.435543888888889,19.59368576388889,0.5836341373793269
써마지,Young,f,2019,20.102889166666667,37.21987,0.5401117512411158
써마지,Young,f,2020,24.23443638888889,47.38579972222223,0.511428244979557
써마지,Young,f,2021,18.06618388888889,41.21129263888889,0.43837945213688345
써마지,Young,f,2022,18.545300555555556,49.603846805555555,0.37386819268779997
써마지,Young,f,2023,29.558202500000004,90.25047312500001,0.3275129921929703
써마지,Young,f,2024,48.63733944444444,114.51292277777777,0.4247323207253159
써마지,Young,f,2025,57.66870972222222,132.23662326388887,0.4361024071761092
써마지,Young,m,2016,17.302678055555557,57.646439722222226,0.3001517203652304
써마지,Young,m,2017,9.127804166666667,26.7089475,0.341750799677399
써마지,Young,m,2018,8.2846575,24.2625825,0.34145818978668074
써마지,Young,m,2019,27.735431666666667,64.485436875,0.4301038034437084
써마지,Young,m,2020,26.484370833333333,68.72972479166667,0.3853408538097988
써마지,Young,m,2021,19.263029999999997,54.175943124999996,0.355564276113375
써마지,Young,m,2022,21.247423055555554,63.229675347222226,0.33603561838450885
써마지,Young,m,2023,30.025586388888893,98.29958951388889,0.3054497637006565
써마지,Young,m,2024,42.544443333333334,129.64825104166667,0.3281528519783911
써마지,Young,m,2025,48.760891944444445,175.1709459027778,0.278361755102398
울쎄라,Middle,all,2016,16.648205833333332,43.699881319444444,0.38096684317368257
울쎄라,Middle,all,2017,11.8988175,30.449695763888887,0.3907696678569488
울쎄라,Middle,all,2018,14.122619166666667,33.91586263888889,0.41640159110897185
울쎄라,Middle,all,2019,16.281185,44.07375659722222,0.3694076987534603
울쎄라,Middle,all,2020,18.502332499999998,45.0060175,0.4111079701730996
울쎄라,Middle,all,2021,21.702710416666665,53.292401805555556,0.4072383619685955
울쎄라,Middle,all,2022,33.24452,81.67586368055555,0.4070299168187979
울쎄라,Middle,all,2023,52.84911541666667,144.17063375,0.3665733724130672
울쎄라,Middle,all,2024,62.88016666666667,168.7003432638889,0.37273289105468266
울쎄라,Middle,all,2025,70.57005333333333,201.55731694444444,0.3501239965046006
울쎄라,Middle,f,2016,14.556052916666667,37.28076895833333,0.3904440096966661
울쎄라,Middle,f,2017,11.682501250000001,30.008807430555557,0.3893024165333758
울쎄라,Middle,f,2018,13.57765,33.11380194444445,0.4100299332217859
울쎄라,Middle,f,2019,16.232429999999997,45.01616229166666,0.36059115601253566
울쎄라,Middle,f,2020,18.36437625,44.82508006944444,0.40968975898201015
울쎄라,Middle,f,2021,21.69444375,53.386079027777775,0.4063689288496347
울쎄라,Middle,f,2022,33.43499958333333,82.14681409722222,0.4070151709567508
울쎄라,Middle,f,2023,51.13055416666666,139.89018368055554,0.36550494696200553
울쎄라,Middle,f,2024,60.27318625,164.9981590972222,0.3652961134826062
울쎄라,Middle,f,2025,61.97394416666666,185.6202817361111,0.3338748523977166
울쎄라,Middle,m,2016,16.95720916666667,50.38351118055556,0.3365626723770483
울쎄라,Middle,m,2017,6.874827083333333,20.720061041666668,0.33179569642717327
울쎄라,Middle,m,2018,9.035565833333333,23.769540555555555,0.38013211960133947
울쎄라,Middle,m,2019,8.458656249999999,25.345684513888887,0.3337316159429365
울쎄라,Middle,m,2020,10.02655375,28.245282916666667,0.35498153017556217
울쎄라,Middle,m,2021,11.406135416666666,32.588100833333336,0.35000920964991283
울쎄라,Middle,m,2022,17.084556250000002,47.66425041666667,0.35843543327865024
울쎄라,Middle,m,2023,33.77596,101.03087729166666,0.33431324071839913
울쎄라,Middle,m,2024,42.58758875,114.93124222222221,0.3705484072612381
울쎄라,Middle,m,2025,66.66332166666668,178.02945409722224,0.37445108173090114
울쎄라,Traditional,all,2016,14.154390208333332,43.699881319444444,0.32389996908378965
울쎄라,Traditional,all,2017,5.849079375,30.449695763888887,0.19208991184524676
울쎄라,Traditional,all,2018,6.165722083333333,33.91586263888889,0.18179464131522755
울쎄라,Traditional,all,2019,7.6325385416666665,44.07375659722222,0.17317649165734406
울쎄라,Traditional,all,2020,9.4857225,45.0060175,0.21076564928234318
울쎄라,Traditional,all,2021,12.239555833333334,53.292401805555556,0.22966793423931217
울쎄라,Traditional,all,2022,23.99646229166667,81.67586368055555,0.2938011452871783
울쎄라,Traditional,all,2023,39.95198333333334,144.17063375,0.2771159583206961
울쎄라,Traditional,all,2024,51.255991875,168.7003432638889,0.30382861636993236
울쎄라,Traditional,all,2025,68.50184166666666,201.55731694444444,0.3398628375547782
울쎄라,Traditional,f,2016,10.714516041666668,37.28076895833333,0.2874006180945917
울쎄라,Traditional,f,2017,4.497948958333334,30.008807430555557,0.1498876277820169
울쎄라,Traditional,f,2018,5.219838333333333,33.11380194444445,0.15763331380947251
울쎄라,Traditional,f,2019,6.673928958333334,45.01616229166666,0.14825628437830657
울쎄라,Traditional,f,2020,8.767901041666667,44.82508006944444,0.19560257400730027
울쎄라,Traditional,f,2021,11.459480833333332,53.386079027777775,0.2146529777429571
울쎄라,Traditional,f,2022,23.495333958333333,82.14681409722222,0.28601637466458757
울쎄라,Traditional,f,2023,39.06819229166667,139.89018368055554,0.27927758234187716
울쎄라,Traditional,f,2024,50.16054729166667,164.9981590972222,0.3040067087179467
울쎄라,Traditional,f,2025,64.23429312500001,185.6202817361111,0.3460521260080799
울쎄라,Traditional,m,2016,22.749978125,50.38351118055556,0.4515361790382697
울쎄라,Traditional,m,2017,8.983610625,20.720061041666668,0.43357066405038847
울쎄라,Traditional,m,2018,8.126665833333334,23.769540555555555,0.34189410663362285
울쎄라,Traditional,m,2019,9.161051875,25.345684513888887,0.36144424783556117
울쎄라,Traditional,m,2020,9.438793333333333,28.245282916666667,0.33417237707198866
울쎄라,Traditional,m,2021,11.524957916666667,32.588100833333336,0.3536554024921315
울쎄라,Traditional,m,2022,17.732407499999997,47.66425041666667,0.3720274072284485
울쎄라,Traditional,m,2023,29.874938125,101.03087729166666,0.2957010661082736
울쎄라,Traditional,m,2024,38.15750375,114.93124222222221,0.33200288287341034
울쎄라,Traditional,m,2025,64.27285854166666,178.02945409722224,0.36102373546889116
울쎄라,Young,all,2016,12.897285277777778,43.699881319444444,0.2951331877425277
울쎄라,Young,all,2017,12.701798888888888,30.449695763888887,0.4171404202978045
울쎄라,Young,all,2018,13.627521388888889,33.91586263888889,0.40180376757580055
울쎄라,Young,all,2019,20.160033055555555,44.07375659722222,0.45741580958919564
울쎄라,Young,all,2020,17.0179625,45.0060175,0.37812638054455716
울쎄라,Young,all,2021,19.350135555555557,53.292401805555556,0.3630937037920924
울쎄라,Young,all,2022,24.434881388888886,81.67586368055555,0.2991689378940239
울쎄라,Young,all,2023,51.369535000000006,144.17063375,0.3563106692662368
울쎄라,Young,all,2024,54.56418472222222,168.7003432638889,0.323438492575385
울쎄라,Young,all,2025,62.48542194444445,201.55731694444444,0.3100131659406213
울쎄라,Young,f,2016,12.0102,37.28076895833333,0.32215537220874224
울쎄라,Young,f,2017,13.828357222222223,30.008807430555557,0.4608099556846074
울쎄라,Young,f,2018,14.316313611111111,33.11380194444445,0.4323367529687415
울쎄라,Young,f,2019,22.109803333333332,45.01616229166666,0.4911525596091578
울쎄라,Young,f,2020,17.692802777777775,44.82508006944444,0.3947076670106896
울쎄라,Young,f,2021,20.232154444444443,53.386079027777775,0.37897809340740823
울쎄라,Young,f,2022,25.216480555555552,82.14681409722222,0.3069684543786616
울쎄라,Young,f,2023,49.69143722222222,139.89018368055554,0.3552174706961174
울쎄라,Young,f,2024,54.56442555555555,164.9981590972222,0.3306971777994471
울쎄라,Young,f,2025,59.41204444444444,185.6202817361111,0.3200730215942036
울쎄라,Young,m,2016,10.676323888888888,50.38351118055556,0.21190114858468195
울쎄라,Young,m,2017,4.861623333333333,20.720061041666668,0.23463363952243824
울쎄라,Young,m,2018,6.6073088888888885,23.769540555555555,0.27797377376503773
울쎄라,Young,m,2019,7.725976388888889,25.345684513888887,0.3048241362215024
울쎄라,Young,m,2020,8.779935833333333,28.245282916666667,0.3108460927524491
울쎄라,Young,m,2021,9.6570075,32.588100833333336,0.2963353878579556
울쎄라,Young,m,2022,12.847286666666667,47.66425041666667,0.26953715949290125
울쎄라,Young,m,2023,37.379979166666665,101.03087729166666,0.36998569317332736
울쎄라,Young,m,2024,34.18614972222222,114.93124222222221,0.29744870986535155
울쎄라,Young,m,2025,47.09327388888889,178.02945409722224,0.26452518280020765
인모드,Middle,all,2016,0.016455714285714285,0.11482838095238095,0.1433070304504113
인모드,Middle,all,2017,0.317405,0.575089861111111,0.5519224411064262
인모드,Middle,all,2018,0.8899079166666667,1.9025277777777778,0.46775028835905447
인모드,Middle,all,2019,2.485390833333333,7.483822638888888,0.3321017818378357
인모드,Middle,all,2020,16.38860625,42.38992069444444,0.38661563837622054
인모드,Middle,all,2021,51.21964416666666,147.4477804861111,0.3473748061707264
인모드,Middle,all,2022,66.28287833333333,196.7930651388889,0.33681511229348177
인모드,Middle,all,2023,75.50918666666666,228.52639083333332,0.3304177972238502
인모드,Middle,all,2024,49.701444583333334,154.00356451388888,0.3227291831862177
인모드,Middle,all,2025,35.71273208333333,112.52816513888888,0.3173670524108749
인모드,Middle,f,2016,0.01927125,0.16015958333333333,0.12032530054659026
인모드,Middle,f,2017,0.23063083333333334,0.4941490277777778,0.466723236045806
인모드,Middle,f,2018,0.8225466666666666,1.850263263888889,0.44455655728571053
인모드,Middle,f,2019,2.3710991666666668,7.5642201388888894,0.31346247506421177
인모드,Middle,f,2020,16.774837916666666,44.36467569444444,0.37811248823728677
인모드,Middle,f,2021,52.5497575,152.40509444444444,0.3448031556396281
인모드,Middle,f,2022,64.97829291666666,192.61397493055554,0.3373498363246682
인모드,Middle,f,2023,73.15167875,223.06344902777778,0.32794112647693585
인모드,Middle,f,2024,47.549350833333335,149.13817111111112,0.318827503911846
인모드,Middle,f,2025,34.67662583333333,111.79997576388888,0.3101666668208152
인모드,Middle,m,2016,0.05364599999999999,0.3118525,0.17202363296750867
인모드,Middle,m,2017,0.6967620833333333,1.1416592424242424,0.6103065235593437
인모드,Middle,m,2018,1.1258333333333332,2.0422746527777775,0.5512644108871662
인모드,Middle,m,2019,2.79117125,6.380477083333333,0.43745494475498015
인모드,Middle,m,2020,13.635432916666666,30.100047569444445,0.4530036999180176
인모드,Middle,m,2021,41.45194333333333,108.6156604861111,0.38163873559129974
인모드,Middle,m,2022,66.40511583333334,181.26056354166667,0.3663517013068796
인모드,Middle,m,2023,78.35781666666666,213.21073715277777,0.367513464439264
인모드,Middle,m,2024,54.36150916666667,148.42413687500002,0.3662578763213486
인모드,Middle,m,2025,36.5546275,97.72322180555555,0.37406285655148014
인모드,Traditional,all,2016,0.07868599999999999,0.11482838095238095,0.6852487107053341
인모드,Traditional,all,2017,0.14125513888888888,0.575089861111111,0.24562272514416228
인모드,Traditional,all,2018,0.46098236111111107,1.9025277777777778,0.24229993721802862
인모드,Traditional,all,2019,2.02668625,7.483822638888888,0.2708089632520873
인모드,Traditional,all,2020,10.7742225,42.38992069444444,0.2541694422516826
인모드,Traditional,all,2021,40.20497354166667,147.4477804861111,0.2726726262621077
인모드,Traditional,all,2022,64.63404791666666,196.7930651388889,0.328436613714261
인모드,Traditional,all,2023,78.609305,228.52639083333332,0.3439834879172909
인모드,Traditional,all,2024,54.57868270833333,154.00356451388888,0.35439882758954666
인모드,Traditional,all,2025,39.73175333333334,112.52816513888888,0.3530827440782854
인모드,Traditional,f,2016,0.11581666666666666,0.16015958333333333,0.7231329169083961
인모드,Traditional,f,2017,0.1337773611111111,0.4941490277777778,0.2707227042674092
인모드,Traditional,f,2018,0.41134465277777776,1.850263263888889,0.2223168242086871
인모드,Traditional,f,2019,1.7910470833333332,7.5642201388888894,0.2367788153236403
인모드,Traditional,f,2020,10.288715,44.36467569444444,0.23191232301261705
인모드,Traditional,f,2021,37.597183333333334,152.40509444444444,0.24669243157772833
인모드,Traditional,f,2022,57.937758958333326,192.61397493055554,0.30079727589455557
인모드,Traditional,f,2023,77.2512775,223.06344902777778,0.3463197482003428
인모드,Traditional,f,2024,53.79952666666667,149.13817111111112,0.36073612989785747
인모드,Traditional,f,2025,40.277331875,111.79997576388888,0.36026243833953925
인모드,Traditional,m,2016,0.22063249999999998,0.3118525,0.7074899191124009
인모드,Traditional,m,2017,0.3635450757575758,1.1416592424242424,0.31843571378234575
인모드,Traditional,m,2018,0.6117296527777777,2.0422746527777775,0.29953348926195617
인모드,Traditional,m,2019,2.2431516666666664,6.380477083333333,0.3515648810221545
인모드,Traditional,m,2020,8.924552708333334,30.100047569444445,0.2964962991418307
인모드,Traditional,m,2021,34.96872604166666,108.6156604861111,0.32194920958141376
인모드,Traditional,m,2022,64.54446354166667,181.26056354166667,0.3560866317555596
인모드,Traditional,m,2023,56.499736041666665,213.21073715277777,0.2649947971484257
인모드,Traditional,m,2024,39.02553854166667,148.42413687500002,0.2629325618011391
인모드,Traditional,m,2025,24.46870125,97.72322180555555,0.250387787036806
인모드,Young,all,2016,0.01968666666666667,0.11482838095238095,0.17144425884425454
인모드,Young,all,2017,0.11642972222222221,0.575089861111111,0.20245483374941164
인모드,Young,all,2018,0.5516375,1.9025277777777778,0.28994977442291686
인모드,Young,all,2019,2.971745555555555,7.483822638888888,0.397089254910077
인모드,Young,all,2020,15.227091944444444,42.38992069444444,0.35921491937209693
인모드,Young,all,2021,56.02316277777778,147.4477804861111,0.37995256756716594
인모드,Young,all,2022,65.87613888888889,196.7930651388889,0.33474827399225715
인모드,Young,all,2023,74.40789916666667,228.52639083333332,0.325598714858859
인모드,Young,all,2024,49.72343722222222,154.00356451388888,0.32287198922423577
인모드,Young,all,2025,37.08367972222222,112.52816513888888,0.3295502035108398
인모드,Young,f,2016,0.025071666666666666,0.16015958333333333,0.1565417825450137
인모드,Young,f,2017,0.12974083333333333,0.4941490277777778,0.26255405968678475
인모드,Young,f,2018,0.6163719444444444,1.850263263888889,0.33312661850560227
인모드,Young,f,2019,3.4020738888888893,7.5642201388888894,0.4497587096121479
인모드,Young,f,2020,17.301122777777778,44.36467569444444,0.38997518875009624
인모드,Young,f,2021,62.25815361111111,152.40509444444444,0.4085044127826436
인모드,Young,f,2022,69.69792305555556,192.61397493055554,0.36185288778077623
인모드,Young,f,2023,72.66049277777778,223.06344902777778,0.32573912532272137
인모드,Young,f,2024,47.78929361111111,149.13817111111112,0.3204363661902966
인모드,Young,f,2025,36.846018055555554,111.79997576388888,0.32957089483964563
인모드,Young,m,2016,0.037574,0.3118525,0.12048644792009044
인모드,Young,m,2017,0.08135208333333334,1.1416592424242424,0.07125776265831059
인모드,Young,m,2018,0.30471166666666666,2.0422746527777775,0.14920209985087776
인모드,Young,m,2019,1.3461541666666665,6.380477083333333,0.21098017422286539
인모드,Young,m,2020,7.540061944444445,30.100047569444445,0.25050000094015173
인모드,Young,m,2021,32.19499111111111,108.6156604861111,0.2964120548272866
인모드,Young,m,2022,50.310984166666664,181.26056354166667,0.27756166693756085
인모드,Young,m,2023,78.35318444444444,213.21073715277777,0.3674917384123102
인모드,Young,m,2024,55.03708916666667,148.42413687500002,0.37080956187751224
인모드,Young,m,2025,36.699893055555556,97.72322180555555,0.37554935641171394
